Resource Budget Analysis Report,,,
,,,
Resource Summary: ,,,
  MIPS capacity 0.000 MIPS : MIPS budget 0.000 MIPS,,,
*   0 out of 1 with MIPS capacity,,,
*   0 out of 1 with MIPS budget,,,
,,,
Detailed Processor MIPS Capacity Report ,,,
,,,
Component,Capacity,,
processor this_processor, 0.000 MIPS,,
Total, 0.000 MIPS,,
,,,
,,,
Detailed MIPS Budget Report ,,,
,,,
Component,Budget,Actual,Notes
device this_kinect_detector, 0.000 MIPS,0.000 MIPS,
device this_audio_system, 0.000 MIPS,0.000 MIPS,
device this_LED_display, 0.000 MIPS,0.000 MIPS,
device this_dome_lights, 0.000 MIPS,0.000 MIPS,
process this_controller, 0.000 MIPS,0.000 MIPS,
Total, ,0.000 MIPS,
